ligand_id,source_file,casf_explicit_isomeric_smiles,casf_explicit_nonisomeric_smiles,casf_heavy_isomeric_smiles,casf_heavy_nonisomeric_smiles,chembl3d_group,chembl3d_mol_id,chembl3d_isomeric_smiles,conformer_count
1bcu_1bcu_conf0,1bcu_1bcu_conf0.mol2,[H]c1c(N([H])[H])c([H])c2nc3c([H])c(N([H])[H])c([H])c([H])c3c([H])c2c1[H],[H]c1c(N([H])[H])c([H])c2nc3c([H])c(N([H])[H])c([H])c([H])c3c([H])c2c1[H],Nc1ccc2cc3ccc(N)cc3nc2c1,Nc1ccc2cc3ccc(N)cc3nc2c1,027,CHEMBL55400_0,Nc1ccc2cc3ccc(N)cc3nc2c1,1
1c5z_1c5z_conf0,1c5z_1c5z_conf0.mol2,[H]c1c([H])c([H])c(C(N([H])[H])=[N+]([H])[H])c([H])c1[H],[H]c1c([H])c([H])c(C(N([H])[H])=[N+]([H])[H])c([H])c1[H],NC(=[NH2+])c1ccccc1,NC(=[NH2+])c1ccccc1,018,CHEMBL20936_0,NC(=[NH2+])c1ccccc1,1
1lpg_1lpg_conf0,1lpg_1lpg_conf0.mol2,[H]c1c([H])c([H])c(C([H])([H])Oc2c([H])c([H])c3c(c2[H])c([H])c(C(=O)N([H])C([H])([H])c2c([H])c([H])c([N+](C([H])([H])[H])(C([H])([H])[H])C([H])([H])[H])c([H])c2[H])n3C([H])([H])c2c([H])c([H])c([H])c(C(N([H])[H])=[N+]([H])[H])c2[H])c([H])c1[H],[H]c1c([H])c([H])c(C([H])([H])Oc2c([H])c([H])c3c(c2[H])c([H])c(C(=O)N([H])C([H])([H])c2c([H])c([H])c([N+](C([H])([H])[H])(C([H])([H])[H])C([H])([H])[H])c([H])c2[H])n3C([H])([H])c2c([H])c([H])c([H])c(C(N([H])[H])=[N+]([H])[H])c2[H])c([H])c1[H],C[N+](C)(C)c1ccc(CNC(=O)c2cc3cc(OCc4ccccc4)ccc3n2Cc2cccc(C(N)=[NH2+])c2)cc1,C[N+](C)(C)c1ccc(CNC(=O)c2cc3cc(OCc4ccccc4)ccc3n2Cc2cccc(C(N)=[NH2+])c2)cc1,078,CHEMBL540898_0,C[N+](C)(C)c1ccc(CNC(=O)c2cc3cc(OCc4ccccc4)ccc3n2Cc2cccc(C(N)=[NH2+])c2)cc1,193
1mq6_1mq6_conf0,1mq6_1mq6_conf0.mol2,[H]c1nc(N([H])C(=O)c2c([H])c(Cl)c([H])c(OC([H])([H])[H])c2N([H])C(=O)c2sc([H])c(C([H])([H])N(C3=NC([H])([H])C([H])([H])O3)C([H])([H])[H])c2Cl)c([H])c([H])c1Cl,[H]c1nc(N([H])C(=O)c2c([H])c(Cl)c([H])c(OC([H])([H])[H])c2N([H])C(=O)c2sc([H])c(C([H])([H])N(C3=NC([H])([H])C([H])([H])O3)C([H])([H])[H])c2Cl)c([H])c([H])c1Cl,COc1cc(Cl)cc(C(=O)Nc2ccc(Cl)cn2)c1NC(=O)c1scc(CN(C)C2=NCCO2)c1Cl,COc1cc(Cl)cc(C(=O)Nc2ccc(Cl)cn2)c1NC(=O)c1scc(CN(C)C2=NCCO2)c1Cl,056,CHEMBL173994_1,COc1cc(Cl)cc(C(=O)Nc2ccc(Cl)cn2)c1NC(=O)c1scc(CN(C)C2=NCCO2)c1Cl,12
1nc3_1nc3_conf0,1nc3_1nc3_conf0.mol2,[H]OC([H])([H])[C@@]1([H])O[C@@]([H])(c2nn([H])c3c(N([H])[H])nc([H])nc23)[C@]([H])(O[H])[C@]1([H])O[H],[H]OC([H])([H])C1([H])OC([H])(c2nn([H])c3c(N([H])[H])nc([H])nc23)C([H])(O[H])C1([H])O[H],Nc1ncnc2c([C@@H]3O[C@H](CO)[C@@H](O)[C@H]3O)n[nH]c12,Nc1ncnc2c(C3OC(CO)C(O)C3O)n[nH]c12,032,CHEMBL273712_0,Nc1ncnc2c([C@@H]3O[C@H](CO)[C@@H](O)[C@H]3O)n[nH]c12,1567
1o3f_1o3f_conf0,1o3f_1o3f_conf0.mol2,[H]Oc1c(-c2c([H])c([H])c([H])c([H])c2[H])c([H])c([H])c([H])c1-c1c([H])c2c([H])c(C(N([H])[H])=[N+]([H])[H])c([H])c([H])c2n1[H],[H]Oc1c(-c2c([H])c([H])c([H])c([H])c2[H])c([H])c([H])c([H])c1-c1c([H])c2c([H])c(C(N([H])[H])=[N+]([H])[H])c([H])c([H])c2n1[H],NC(=[NH2+])c1ccc2[nH]c(-c3cccc(-c4ccccc4)c3O)cc2c1,NC(=[NH2+])c1ccc2[nH]c(-c3cccc(-c4ccccc4)c3O)cc2c1,043,CHEMBL96433_0,NC(=[NH2+])c1ccc2[nH]c(-c3cccc(-c4ccccc4)c3O)cc2c1,31
1o5b_1o5b_conf0,1o5b_1o5b_conf0.mol2,[H]c1c([H])c(I)c2c([H])c(C(N([H])[H])=[N+]([H])[H])sc2c1[H],[H]c1c([H])c(I)c2c([H])c(C(N([H])[H])=[N+]([H])[H])sc2c1[H],NC(=[NH2+])c1cc2c(I)cccc2s1,NC(=[NH2+])c1cc2c(I)cccc2s1,021,CHEMBL60088_0,NC(=[NH2+])c1cc2c(I)cccc2s1,1
1owh_1owh_conf0,1owh_1owh_conf0.mol2,[H]c1c([H])c(C([H])([H])[N+]([H])([H])[H])c([H])c([H])c1N([H])C(=O)c1c([H])c([H])c2c([H])c(C(N([H])[H])=[N+]([H])[H])c([H])c([H])c2c1[H],[H]c1c([H])c(C([H])([H])[N+]([H])([H])[H])c([H])c([H])c1N([H])C(=O)c1c([H])c([H])c2c([H])c(C(N([H])[H])=[N+]([H])[H])c([H])c([H])c2c1[H],NC(=[NH2+])c1ccc2cc(C(=O)Nc3ccc(C[NH3+])cc3)ccc2c1,NC(=[NH2+])c1ccc2cc(C(=O)Nc3ccc(C[NH3+])cc3)ccc2c1,044,CHEMBL324168_0,NC(=[NH2+])c1ccc2cc(C(=O)Nc3ccc(C[NH3+])cc3)ccc2c1,12
1p1n_1p1n_conf0,1p1n_1p1n_conf0.mol2,[H]C([H])=C(C([H])([H])[H])[C@@]1([H])C([H])([H])[N+]([H])([H])[C@]([H])(C(=O)[O-])[C@@]1([H])C([H])([H])C(=O)[O-],[H]C([H])=C(C([H])([H])[H])C1([H])C([H])(C([H])([H])C(=O)[O-])C([H])(C(=O)[O-])[N+]([H])([H])C1([H])[H],C=C(C)[C@H]1C[NH2+][C@H](C(=O)[O-])[C@H]1CC(=O)[O-],C=C(C)C1C[NH2+]C(C(=O)[O-])C1CC(=O)[O-],029,CHEMBL27527_0,C=C(C)[C@H]1C[NH2+][C@H](C(=O)[O-])[C@H]1CC(=O)[O-],23
1pxn_1pxn_conf0,1pxn_1pxn_conf0.mol2,[H]Oc1c([H])c([H])c(N([H])c2nc([H])c([H])c(-c3sc(N([H])C([H])([H])[H])nc3C([H])([H])[H])n2)c([H])c1[H],[H]Oc1c([H])c([H])c(N([H])c2nc([H])c([H])c(-c3sc(N([H])C([H])([H])[H])nc3C([H])([H])[H])n2)c([H])c1[H],CNc1nc(C)c(-c2ccnc(Nc3ccc(O)cc3)n2)s1,CNc1nc(C)c(-c2ccnc(Nc3ccc(O)cc3)n2)s1,037,CHEMBL47590_0,CNc1nc(C)c(-c2ccnc(Nc3ccc(O)cc3)n2)s1,200
1sqa_1sqa_conf0,1sqa_1sqa_conf0.mol2,[H]c1nc(N([H])c2c([H])c(C(=O)N([H])c3c([H])c([H])c(C([H])([H])[N+]([H])([H])[H])c([H])c3[H])c([H])c3c([H])c([H])c(C(N([H])[H])=[N+]([H])[H])c([H])c23)nc([H])c1[H],[H]c1nc(N([H])c2c([H])c(C(=O)N([H])c3c([H])c([H])c(C([H])([H])[N+]([H])([H])[H])c([H])c3[H])c([H])c3c([H])c([H])c(C(N([H])[H])=[N+]([H])[H])c([H])c23)nc([H])c1[H],NC(=[NH2+])c1ccc2cc(C(=O)Nc3ccc(C[NH3+])cc3)cc(Nc3ncccn3)c2c1,NC(=[NH2+])c1ccc2cc(C(=O)Nc3ccc(C[NH3+])cc3)cc(Nc3ncccn3)c2c1,054,CHEMBL104166_0,NC(=[NH2+])c1ccc2cc(C(=O)Nc3ccc(C[NH3+])cc3)cc(Nc3ncccn3)c2c1,200
1uto_1uto_conf0,1uto_1uto_conf0.mol2,[H]c1c([H])c([H])c(C([H])([H])C([H])([H])[N+]([H])([H])[H])c([H])c1[H],[H]c1c([H])c([H])c(C([H])([H])C([H])([H])[N+]([H])([H])[H])c([H])c1[H],[NH3+]CCc1ccccc1,[NH3+]CCc1ccccc1,021,CHEMBL610_0,[NH3+]CCc1ccccc1,7
1yc1_1yc1_conf0,1yc1_1yc1_conf0.mol2,[H]Oc1c([H])c(O[H])c(C([H])([H])C([H])([H])[H])c([H])c1-c1nn([H])c(C(=O)[O-])c1-c1c([H])c([H])c2c(c1[H])OC([H])([H])O2,[H]Oc1c([H])c(O[H])c(C([H])([H])C([H])([H])[H])c([H])c1-c1nn([H])c(C(=O)[O-])c1-c1c([H])c([H])c2c(c1[H])OC([H])([H])O2,CCc1cc(-c2n[nH]c(C(=O)[O-])c2-c2ccc3c(c2)OCO3)c(O)cc1O,CCc1cc(-c2n[nH]c(C(=O)[O-])c2-c2ccc3c(c2)OCO3)c(O)cc1O,042,CHEMBL178130_0,CCc1cc(-c2n[nH]c(C(=O)[O-])c2-c2ccc3c(c2)OCO3)c(O)cc1O,168
1ydr_1ydr_conf0,1ydr_1ydr_conf0.mol2,[H]c1nc([H])c2c([H])c([H])c([H])c(S(=O)(=O)N3C([H])([H])C([H])([H])[N+]([H])([H])C([H])([H])[C@]3([H])C([H])([H])[H])c2c1[H],[H]c1nc([H])c2c([H])c([H])c([H])c(S(=O)(=O)N3C([H])([H])C([H])([H])[N+]([H])([H])C([H])([H])C3([H])C([H])([H])[H])c2c1[H],C[C@H]1C[NH2+]CCN1S(=O)(=O)c1cccc2cnccc12,CC1C[NH2+]CCN1S(=O)(=O)c1cccc2cnccc12,038,CHEMBL323556_0,C[C@H]1C[NH2+]CCN1S(=O)(=O)c1cccc2cnccc12,16
1ydt_1ydt_conf0,1ydt_1ydt_conf0.mol2,[H]/C(=C(/[H])C([H])([H])[N+]([H])([H])C([H])([H])C([H])([H])N([H])S(=O)(=O)c1c([H])c([H])c([H])c2c([H])nc([H])c([H])c12)c1c([H])c([H])c(Br)c([H])c1[H],[H]C(=C([H])C([H])([H])[N+]([H])([H])C([H])([H])C([H])([H])N([H])S(=O)(=O)c1c([H])c([H])c([H])c2c([H])nc([H])c([H])c12)c1c([H])c([H])c(Br)c([H])c1[H],O=S(=O)(NCC[NH2+]C/C=C/c1ccc(Br)cc1)c1cccc2cnccc12,O=S(=O)(NCC[NH2+]CC=Cc1ccc(Br)cc1)c1cccc2cnccc12,048,CHEMBL104264_0,O=S(=O)(NCC[NH2+]C/C=C/c1ccc(Br)cc1)c1cccc2cnccc12,140
1z6e_1z6e_conf0,1z6e_1z6e_conf0.mol2,[H]c1nc(C([H])([H])[N+]([H])(C([H])([H])[H])C([H])([H])[H])n(-c2c([H])c([H])c(N([H])C(=O)c3c([H])c(C(F)(F)F)nn3-c3c([H])c([H])c4onc(N([H])[H])c4c3[H])c(F)c2[H])c1[H],[H]c1nc(C([H])([H])[N+]([H])(C([H])([H])[H])C([H])([H])[H])n(-c2c([H])c([H])c(N([H])C(=O)c3c([H])c(C(F)(F)F)nn3-c3c([H])c([H])c4onc(N([H])[H])c4c3[H])c(F)c2[H])c1[H],C[NH+](C)Cc1nccn1-c1ccc(NC(=O)c2cc(C(F)(F)F)nn2-c2ccc3onc(N)c3c2)c(F)c1,C[NH+](C)Cc1nccn1-c1ccc(NC(=O)c2cc(C(F)(F)F)nn2-c2ccc3onc(N)c3c2)c(F)c1,059,CHEMBL206335_0,C[NH+](C)Cc1nccn1-c1ccc(NC(=O)c2cc(C(F)(F)F)nn2-c2ccc3onc(N)c3c2)c(F)c1,200
1z95_1z95_conf0,1z95_1z95_conf0.mol2,[H]O[C@@](C(=O)N([H])c1c([H])c([H])c(C#N)c(C(F)(F)F)c1[H])(C([H])([H])[H])C([H])([H])S(=O)(=O)c1c([H])c([H])c(F)c([H])c1[H],[H]OC(C(=O)N([H])c1c([H])c([H])c(C#N)c(C(F)(F)F)c1[H])(C([H])([H])[H])C([H])([H])S(=O)(=O)c1c([H])c([H])c(F)c([H])c1[H],C[C@](O)(CS(=O)(=O)c1ccc(F)cc1)C(=O)Nc1ccc(C#N)c(C(F)(F)F)c1,CC(O)(CS(=O)(=O)c1ccc(F)cc1)C(=O)Nc1ccc(C#N)c(C(F)(F)F)c1,043,CHEMBL409_0,C[C@](O)(CS(=O)(=O)c1ccc(F)cc1)C(=O)Nc1ccc(C#N)c(C(F)(F)F)c1,198
1z9g_1z9g_conf0,1z9g_1z9g_conf0.mol2,[H]SC([H])([H])[C@]([H])(N([H])C(=O)C([H])([H])C(=O)[O-])C([H])([H])c1c([H])c([H])c([H])c([H])c1[H],[H]SC([H])([H])C([H])(N([H])C(=O)C([H])([H])C(=O)[O-])C([H])([H])c1c([H])c([H])c([H])c([H])c1[H],O=C([O-])CC(=O)N[C@@H](CS)Cc1ccccc1,O=C([O-])CC(=O)NC(CS)Cc1ccccc1,031,CHEMBL38405_0,O=C([O-])CC(=O)N[C@@H](CS)Cc1ccccc1,199
2br1_2br1_conf0,2br1_2br1_conf0.mol2,[H]OC([H])([H])C([H])([H])N([H])c1nc([H])nc2oc(-c3c([H])c([H])c(OC([H])([H])[H])c([H])c3[H])c(-c3c([H])c([H])c(OC([H])([H])[H])c([H])c3[H])c12,[H]OC([H])([H])C([H])([H])N([H])c1nc([H])nc2oc(-c3c([H])c([H])c(OC([H])([H])[H])c([H])c3[H])c(-c3c([H])c([H])c(OC([H])([H])[H])c([H])c3[H])c12,COc1ccc(-c2oc3ncnc(NCCO)c3c2-c2ccc(OC)cc2)cc1,COc1ccc(-c2oc3ncnc(NCCO)c3c2-c2ccc(OC)cc2)cc1,050,CHEMBL190201_0,COc1ccc(-c2oc3ncnc(NCCO)c3c2-c2ccc(OC)cc2)cc1,200
2brb_2brb_conf0,2brb_2brb_conf0.mol2,[H]OC([H])([H])C([H])([H])N([H])c1nc([H])nc2oc(-c3c([H])c([H])c([H])c([H])c3[H])c(-c3c([H])c([H])c([H])c([H])c3[H])c12,[H]OC([H])([H])C([H])([H])N([H])c1nc([H])nc2oc(-c3c([H])c([H])c([H])c([H])c3[H])c(-c3c([H])c([H])c([H])c([H])c3[H])c12,OCCNc1ncnc2oc(-c3ccccc3)c(-c3ccccc3)c12,OCCNc1ncnc2oc(-c3ccccc3)c(-c3ccccc3)c12,042,CHEMBL189434_0,OCCNc1ncnc2oc(-c3ccccc3)c(-c3ccccc3)c12,200
2c3i_2c3i_conf0,2c3i_2c3i_conf0.mol2,[H]c1nc2c([H])c([H])c(N([H])C([H])([H])C3([H])C([H])([H])C3([H])[H])nn2c1-c1c([H])c([H])c([H])c(C(=O)C([H])([H])[H])c1[H],[H]c1nc2c([H])c([H])c(N([H])C([H])([H])C3([H])C([H])([H])C3([H])[H])nn2c1-c1c([H])c([H])c([H])c(C(=O)C([H])([H])[H])c1[H],CC(=O)c1cccc(-c2cnc3ccc(NCC4CC4)nn23)c1,CC(=O)c1cccc(-c2cnc3ccc(NCC4CC4)nn23)c1,041,CHEMBL200528_1,CC(=O)c1cccc(-c2cnc3ccc(NCC4CC4)nn23)c1,200
2fvd_2fvd_conf0,2fvd_2fvd_conf0.mol2,[H]c1nc(N([H])C2([H])C([H])([H])C([H])([H])N(S(=O)(=O)C([H])([H])[H])C([H])([H])C2([H])[H])nc(N([H])[H])c1C(=O)c1c(F)c(F)c([H])c([H])c1OC([H])([H])[H],[H]c1nc(N([H])C2([H])C([H])([H])C([H])([H])N(S(=O)(=O)C([H])([H])[H])C([H])([H])C2([H])[H])nc(N([H])[H])c1C(=O)c1c(F)c(F)c([H])c([H])c1OC([H])([H])[H],COc1ccc(F)c(F)c1C(=O)c1cnc(NC2CCN(S(C)(=O)=O)CC2)nc1N,COc1ccc(F)c(F)c1C(=O)c1cnc(NC2CCN(S(C)(=O)=O)CC2)nc1N,051,CHEMBL384304_0,COc1ccc(F)c(F)c1C(=O)c1cnc(NC2CCN(S(C)(=O)=O)CC2)nc1N,200
2hb1_2hb1_conf0,2hb1_2hb1_conf0.mol2,[H]c1sc(C(=O)[O-])c(OC([H])([H])C(=O)[O-])c1Br,[H]c1sc(C(=O)[O-])c(OC([H])([H])C(=O)[O-])c1Br,O=C([O-])COc1c(Br)csc1C(=O)[O-],O=C([O-])COc1c(Br)csc1C(=O)[O-],017,CHEMBL212296_0,O=C([O-])COc1c(Br)csc1C(=O)[O-],38
2p4y_2p4y_conf0,2p4y_2p4y_conf0.mol2,[H]c1c([H])c(O[C@@]([H])(C(=O)[O-])C([H])([H])[H])c([H])c(C([H])([H])n2c(C([H])([H])[H])c(-c3noc4c([H])c(OC([H])([H])[H])c([H])c([H])c34)c3c([H])c([H])c(OC(F)(F)F)c([H])c32)c1Cl,[H]c1c([H])c(OC([H])(C(=O)[O-])C([H])([H])[H])c([H])c(C([H])([H])n2c(C([H])([H])[H])c(-c3noc4c([H])c(OC([H])([H])[H])c([H])c([H])c34)c3c([H])c([H])c(OC(F)(F)F)c([H])c32)c1Cl,COc1ccc2c(-c3c(C)n(Cc4cc(O[C@H](C)C(=O)[O-])ccc4Cl)c4cc(OC(F)(F)F)ccc34)noc2c1,COc1ccc2c(-c3c(C)n(Cc4cc(OC(C)C(=O)[O-])ccc4Cl)c4cc(OC(F)(F)F)ccc34)noc2c1,061,CHEMBL519060_0,COc1ccc2c(-c3c(C)n(Cc4cc(O[C@H](C)C(=O)[O-])ccc4Cl)c4cc(OC(F)(F)F)ccc34)noc2c1,174
2pog_2pog_conf0,2pog_2pog_conf0.mol2,[H]Oc1c([H])c([H])c([C@]2([H])Oc3c([H])c([H])c([H])c(O[H])c3[C@]3([H])C([H])([H])C([H])([H])C([H])([H])[C@]23[H])c([H])c1[H],[H]Oc1c([H])c([H])c(C2([H])Oc3c([H])c([H])c([H])c(O[H])c3C3([H])C([H])([H])C([H])([H])C([H])([H])C23[H])c([H])c1[H],Oc1ccc([C@@H]2Oc3cccc(O)c3[C@@H]3CCC[C@@H]32)cc1,Oc1ccc(C2Oc3cccc(O)c3C3CCCC32)cc1,039,CHEMBL234638_0,Oc1ccc([C@@H]2Oc3cccc(O)c3[C@@H]3CCC[C@@H]32)cc1,10
2qbp_2qbp_conf0,2qbp_2qbp_conf0.mol2,[H]c1c([H])c([H])c(C([H])([H])S(=O)(=O)N2C([H])([H])C([H])([H])C([H])(N([H])c3c([H])c([H])c([H])c(-c4sc(C(=O)[O-])c(OC([H])([H])C(=O)[O-])c4Br)c3[H])C([H])([H])C2([H])[H])c([H])c1[H],[H]c1c([H])c([H])c(C([H])([H])S(=O)(=O)N2C([H])([H])C([H])([H])C([H])(N([H])c3c([H])c([H])c([H])c(-c4sc(C(=O)[O-])c(OC([H])([H])C(=O)[O-])c4Br)c3[H])C([H])([H])C2([H])[H])c([H])c1[H],O=C([O-])COc1c(C(=O)[O-])sc(-c2cccc(NC3CCN(S(=O)(=O)Cc4ccccc4)CC3)c2)c1Br,O=C([O-])COc1c(C(=O)[O-])sc(-c2cccc(NC3CCN(S(=O)(=O)Cc4ccccc4)CC3)c2)c1Br,060,CHEMBL541214_0,O=C([O-])COc1c(C(=O)[O-])sc(-c2cccc(NC3CCN(S(=O)(=O)Cc4ccccc4)CC3)c2)c1Br,200
2qbq_2qbq_conf0,2qbq_2qbq_conf0.mol2,[H]c1c([H])c(-c2sc(C(=O)[O-])c(OC([H])([H])C(=O)[O-])c2Br)c([H])c(N([H])C2([H])C([H])([H])C(C([H])([H])[H])(C([H])([H])[H])C([H])([H])C(C([H])([H])[H])(C([H])([H])[H])C2([H])[H])c1[H],[H]c1c([H])c(-c2sc(C(=O)[O-])c(OC([H])([H])C(=O)[O-])c2Br)c([H])c(N([H])C2([H])C([H])([H])C(C([H])([H])[H])(C([H])([H])[H])C([H])([H])C(C([H])([H])[H])(C([H])([H])[H])C2([H])[H])c1[H],CC1(C)CC(Nc2cccc(-c3sc(C(=O)[O-])c(OCC(=O)[O-])c3Br)c2)CC(C)(C)C1,CC1(C)CC(Nc2cccc(-c3sc(C(=O)[O-])c(OCC(=O)[O-])c3Br)c2)CC(C)(C)C1,057,CHEMBL243942_0,CC1(C)CC(Nc2cccc(-c3sc(C(=O)[O-])c(OCC(=O)[O-])c3Br)c2)CC(C)(C)C1,200
2qbr_2qbr_conf0,2qbr_2qbr_conf0.mol2,[H]c1c([H])c([H])c(C([H])([H])N([H])c2c([H])c([H])c([H])c(-c3sc(C(=O)[O-])c(OC([H])([H])C(=O)[O-])c3Br)c2[H])c([H])c1[H],[H]c1c([H])c([H])c(C([H])([H])N([H])c2c([H])c([H])c([H])c(-c3sc(C(=O)[O-])c(OC([H])([H])C(=O)[O-])c3Br)c2[H])c([H])c1[H],O=C([O-])COc1c(C(=O)[O-])sc(-c2cccc(NCc3ccccc3)c2)c1Br,O=C([O-])COc1c(C(=O)[O-])sc(-c2cccc(NCc3ccccc3)c2)c1Br,042,CHEMBL243731_0,O=C([O-])COc1c(C(=O)[O-])sc(-c2cccc(NCc3ccccc3)c2)c1Br,200
2v00_2v00_conf0,2v00_2v00_conf0.mol2,[H]c1c([H])c([H])c(C([H])([H])C([H])([H])c2nc(N([H])[H])n([H])c(=O)c2[H])c([H])c1[H],[H]c1c([H])c([H])c(C([H])([H])C([H])([H])c2nc(N([H])[H])n([H])c(=O)c2[H])c([H])c1[H],Nc1nc(CCc2ccccc2)cc(=O)[nH]1,Nc1nc(CCc2ccccc2)cc(=O)[nH]1,029,CHEMBL235821_0,Nc1nc(CCc2ccccc2)cc(=O)[nH]1,30
2wn9_2wn9_conf0,2wn9_2wn9_conf0.mol2,[H]Oc1c([H])c([H])c(/C([H])=C2/C(c3c([H])nc([H])c([H])c3[H])=NC([H])([H])C([H])([H])C2([H])[H])c(OC([H])([H])[H])c1[H],[H]Oc1c([H])c([H])c(C([H])=C2C(c3c([H])nc([H])c([H])c3[H])=NC([H])([H])C([H])([H])C2([H])[H])c(OC([H])([H])[H])c1[H],COc1cc(O)ccc1/C=C1\CCCN=C1c1cccnc1,COc1cc(O)ccc1C=C1CCCN=C1c1cccnc1,040,CHEMBL1162395_0,COc1cc(O)ccc1/C=C1\CCCN=C1c1cccnc1,71
2wtv_2wtv_conf0,2wtv_2wtv_conf0.mol2,[H]c1nc(N([H])c2c([H])c([H])c(C(=O)[O-])c([H])c2[H])nc2c1C([H])([H])N=C(c1c(F)c([H])c([H])c([H])c1F)c1c([H])c(Cl)c([H])c([H])c1-2,[H]c1nc(N([H])c2c([H])c([H])c(C(=O)[O-])c([H])c2[H])nc2c1C([H])([H])N=C(c1c(F)c([H])c([H])c([H])c1F)c1c([H])c(Cl)c([H])c([H])c1-2,O=C([O-])c1ccc(Nc2ncc3c(n2)-c2ccc(Cl)cc2C(c2c(F)cccc2F)=NC3)cc1,O=C([O-])c1ccc(Nc2ncc3c(n2)-c2ccc(Cl)cc2C(c2c(F)cccc2F)=NC3)cc1,048,CHEMBL259084_0,O=C([O-])c1ccc(Nc2ncc3c(n2)-c2ccc(Cl)cc2C(c2c(F)cccc2F)=NC3)cc1,110
2xdl_2xdl_conf0,2xdl_2xdl_conf0.mol2,[H]Oc1c([H])c([H])c(C(=O)N(C([H])([H])C([H])([H])[H])C([H])([H])C([H])([H])[H])c([H])c1OC([H])([H])[H],[H]Oc1c([H])c([H])c(C(=O)N(C([H])([H])C([H])([H])[H])C([H])([H])C([H])([H])[H])c([H])c1OC([H])([H])[H],CCN(CC)C(=O)c1ccc(O)c(OC)c1,CCN(CC)C(=O)c1ccc(O)c(OC)c1,033,CHEMBL1229908_0,CCN(CC)C(=O)c1ccc(O)c(OC)c1,58
2xnb_2xnb_conf0,2xnb_2xnb_conf0.mol2,[H]c1nc(N([H])c2c([H])c([H])c(N3C([H])([H])C([H])([H])[N+]([H])([H])C([H])([H])C3([H])[H])c([H])c2[H])nc(-c2sc(=O)n(C([H])([H])[H])c2C([H])([H])[H])c1[H],[H]c1nc(N([H])c2c([H])c([H])c(N3C([H])([H])C([H])([H])[N+]([H])([H])C([H])([H])C3([H])[H])c([H])c2[H])nc(-c2sc(=O)n(C([H])([H])[H])c2C([H])([H])[H])c1[H],Cc1c(-c2ccnc(Nc3ccc(N4CC[NH2+]CC4)cc3)n2)sc(=O)n1C,Cc1c(-c2ccnc(Nc3ccc(N4CC[NH2+]CC4)cc3)n2)sc(=O)n1C,050,CHEMBL3932121_0,Cc1c(-c2ccnc(Nc3ccc(N4CC[NH2+]CC4)cc3)n2)sc(=O)n1C,79
2yfe_2yfe_conf0,2yfe_2yfe_conf0.mol2,[H]Oc1c(C(=O)[O-])c(C([H])([H])C([H])([H])c2c([H])c([H])c([H])c([H])c2[H])c([H])c(OC([H])([H])[H])c1C([H])([H])C([H])=C(C([H])([H])[H])C([H])([H])[H],[H]Oc1c(C(=O)[O-])c(C([H])([H])C([H])([H])c2c([H])c([H])c([H])c([H])c2[H])c([H])c(OC([H])([H])[H])c1C([H])([H])C([H])=C(C([H])([H])[H])C([H])([H])[H],COc1cc(CCc2ccccc2)c(C(=O)[O-])c(O)c1CC=C(C)C,COc1cc(CCc2ccccc2)c(C(=O)[O-])c(O)c1CC=C(C)C,048,CHEMBL491820_0,COc1cc(CCc2ccccc2)c(C(=O)[O-])c(O)c1CC=C(C)C,155
2ymd_2ymd_conf0,2ymd_2ymd_conf0.mol2,[H]Oc1c([H])c([H])c2c(c1[H])c(C([H])([H])C([H])([H])[N+]([H])([H])[H])c([H])n2[H],[H]Oc1c([H])c([H])c2c(c1[H])c(C([H])([H])C([H])([H])[N+]([H])([H])[H])c([H])n2[H],[NH3+]CCc1c[nH]c2ccc(O)cc12,[NH3+]CCc1c[nH]c2ccc(O)cc12,026,CHEMBL39_0,[NH3+]CCc1c[nH]c2ccc(O)cc12,30
2zb1_2zb1_conf0,2zb1_2zb1_conf0.mol2,[H]c1c([H])c(-c2c([H])c(-c3nnc(C([H])([H])[H])o3)c([H])c([H])c2C([H])([H])[H])c([H])c([H])c1C(=O)N([H])C([H])([H])C1([H])C([H])([H])C1([H])[H],[H]c1c([H])c(-c2c([H])c(-c3nnc(C([H])([H])[H])o3)c([H])c([H])c2C([H])([H])[H])c([H])c([H])c1C(=O)N([H])C([H])([H])C1([H])C([H])([H])C1([H])[H],Cc1nnc(-c2ccc(C)c(-c3ccc(C(=O)NCC4CC4)cc3)c2)o1,Cc1nnc(-c2ccc(C)c(-c3ccc(C(=O)NCC4CC4)cc3)c2)o1,047,CHEMBL273158_0,Cc1nnc(-c2ccc(C)c(-c3ccc(C(=O)NCC4CC4)cc3)c2)o1,200
2zcq_2zcq_conf0,2zcq_2zcq_conf0.mol2,[H]c1c([H])c([H])c(Oc2c([H])c([H])c([H])c(C([H])([H])C([H])([H])C([H])([H])[C@]([H])(P(=O)([O-])[O-])S(=O)(=O)[O-])c2[H])c([H])c1[H],[H]c1c([H])c([H])c(Oc2c([H])c([H])c([H])c(C([H])([H])C([H])([H])C([H])([H])C([H])(P(=O)([O-])[O-])S(=O)(=O)[O-])c2[H])c([H])c1[H],O=P([O-])([O-])[C@@H](CCCc1cccc(Oc2ccccc2)c1)S(=O)(=O)[O-],O=P([O-])([O-])C(CCCc1cccc(Oc2ccccc2)c1)S(=O)(=O)[O-],041,CHEMBL351151_0,O=P([O-])([O-])[C@@H](CCCc1cccc(Oc2ccccc2)c1)S(=O)(=O)[O-],67
2zcr_2zcr_conf0,2zcr_2zcr_conf0.mol2,[H]c1c([H])c(C([H])([H])C([H])([H])C([H])([H])C([H])([H])[H])c([H])c([H])c1-c1c([H])c([H])c(C([H])([H])C([H])([H])C([H])([H])[C@]([H])(P(=O)([O-])[O-])S(=O)(=O)[O-])c([H])c1[H],[H]c1c([H])c(C([H])([H])C([H])([H])C([H])([H])C([H])([H])[H])c([H])c([H])c1-c1c([H])c([H])c(C([H])([H])C([H])([H])C([H])([H])C([H])(P(=O)([O-])[O-])S(=O)(=O)[O-])c([H])c1[H],CCCCc1ccc(-c2ccc(CCC[C@H](P(=O)([O-])[O-])S(=O)(=O)[O-])cc2)cc1,CCCCc1ccc(-c2ccc(CCCC(P(=O)([O-])[O-])S(=O)(=O)[O-])cc2)cc1,052,CHEMBL158844_0,CCCCc1ccc(-c2ccc(CCC[C@H](P(=O)([O-])[O-])S(=O)(=O)[O-])cc2)cc1,60
2zy1_2zy1_conf0,2zy1_2zy1_conf0.mol2,[H]c1c([H])c([H])c(Oc2c([H])c([H])c([H])c(C([H])([H])C([H])([H])C([H])([H])N([H])C(=O)C([H])([H])P(=O)([O-])[O-])c2[H])c([H])c1[H],[H]c1c([H])c([H])c(Oc2c([H])c([H])c([H])c(C([H])([H])C([H])([H])C([H])([H])N([H])C(=O)C([H])([H])P(=O)([O-])[O-])c2[H])c([H])c1[H],O=C(CP(=O)([O-])[O-])NCCCc1cccc(Oc2ccccc2)c1,O=C(CP(=O)([O-])[O-])NCCCc1cccc(Oc2ccccc2)c1,042,CHEMBL495624_0,O=C(CP(=O)([O-])[O-])NCCCc1cccc(Oc2ccccc2)c1,94
3aru_3aru_conf0,3aru_3aru_conf0.mol2,[H]c1nc2c(c(=O)n(C([H])([H])C([H])([H])C([H])([H])C([H])([H])C(=O)C([H])([H])[H])c(=O)n2C([H])([H])[H])n1C([H])([H])[H],[H]c1nc2c(c(=O)n(C([H])([H])C([H])([H])C([H])([H])C([H])([H])C(=O)C([H])([H])[H])c(=O)n2C([H])([H])[H])n1C([H])([H])[H],CC(=O)CCCCn1c(=O)c2c(ncn2C)n(C)c1=O,CC(=O)CCCCn1c(=O)c2c(ncn2C)n(C)c1=O,038,CHEMBL628_0,CC(=O)CCCCn1c(=O)c2c(ncn2C)n(C)c1=O,124
3ary_3ary_conf0,3ary_3ary_conf0.mol2,[H]c1c(N=C=S)c([H])c2c([H])c(C3=NC([H])([H])C([H])([H])N3[H])oc2c1[H],[H]c1c(N=C=S)c([H])c2c([H])c(C3=NC([H])([H])C([H])([H])N3[H])oc2c1[H],S=C=Nc1ccc2oc(C3=NCCN3)cc2c1,S=C=Nc1ccc2oc(C3=NCCN3)cc2c1,026,CHEMBL1256146_1,S=C=Nc1ccc2oc(C3=NCCN3)cc2c1,3
3b27_3b27_conf0,3b27_3b27_conf0.mol2,[H]c1c([H])c([H])c(-c2nc(SC([H])([H])[H])nc(N([H])[H])n2)c(Cl)c1[H],[H]c1c([H])c([H])c(-c2nc(SC([H])([H])[H])nc(N([H])[H])n2)c(Cl)c1[H],CSc1nc(N)nc(-c2ccccc2Cl)n1,CSc1nc(N)nc(-c2ccccc2Cl)n1,025,CHEMBL1834095_0,CSc1nc(N)nc(-c2ccccc2Cl)n1,9
3b5r_3b5r_conf0,3b5r_3b5r_conf0.mol2,[H]O[C@@](C(=O)N([H])c1c([H])c([H])c(C#N)c(C(F)(F)F)c1[H])(C([H])([H])[H])C([H])([H])Oc1c([H])c([H])c(Cl)c(F)c1[H],[H]OC(C(=O)N([H])c1c([H])c([H])c(C#N)c(C(F)(F)F)c1[H])(C([H])([H])[H])C([H])([H])Oc1c([H])c([H])c(Cl)c(F)c1[H],C[C@](O)(COc1ccc(Cl)c(F)c1)C(=O)Nc1ccc(C#N)c(C(F)(F)F)c1,CC(O)(COc1ccc(Cl)c(F)c1)C(=O)Nc1ccc(C#N)c(C(F)(F)F)c1,041,CHEMBL511445_0,C[C@](O)(COc1ccc(Cl)c(F)c1)C(=O)Nc1ccc(C#N)c(C(F)(F)F)c1,200
3b65_3b65_conf0,3b65_3b65_conf0.mol2,[H]O[C@@](C(=O)N([H])c1c([H])c([H])c(C#N)c(I)c1[H])(C([H])([H])[H])C([H])([H])Oc1c([H])c([H])c(C#N)c([H])c1[H],[H]OC(C(=O)N([H])c1c([H])c([H])c(C#N)c(I)c1[H])(C([H])([H])[H])C([H])([H])Oc1c([H])c([H])c(C#N)c([H])c1[H],C[C@](O)(COc1ccc(C#N)cc1)C(=O)Nc1ccc(C#N)c(I)c1,CC(O)(COc1ccc(C#N)cc1)C(=O)Nc1ccc(C#N)c(I)c1,039,CHEMBL469759_0,C[C@](O)(COc1ccc(C#N)cc1)C(=O)Nc1ccc(C#N)c(I)c1,200
3bgz_3bgz_conf0,3bgz_3bgz_conf0.mol2,[H]c1c([H])c([H])c(-c2c(-c3c([H])c([H])c([H])c([H])c3[H])n([H])c3c(C(=O)[O-])c([H])c([H])c([H])c23)c([H])c1[H],[H]c1c([H])c([H])c(-c2c(-c3c([H])c([H])c([H])c([H])c3[H])n([H])c3c(C(=O)[O-])c([H])c([H])c([H])c23)c([H])c1[H],O=C([O-])c1cccc2c(-c3ccccc3)c(-c3ccccc3)[nH]c12,O=C([O-])c1cccc2c(-c3ccccc3)c(-c3ccccc3)[nH]c12,038,CHEMBL406652_0,O=C([O-])c1cccc2c(-c3ccccc3)c(-c3ccccc3)[nH]c12,10
3cj4_3cj4_conf0,3cj4_3cj4_conf0.mol2,[H]c1c([H])c(N([H])C(=O)C([H])([H])C([H])([H])C(=O)[O-])c(C(=O)N2C([H])([H])[C@]([H])(C([H])([H])[H])C([H])([H])[C@]([H])(C([H])([H])[H])C2([H])[H])c([H])c1Br,[H]c1c([H])c(N([H])C(=O)C([H])([H])C([H])([H])C(=O)[O-])c(C(=O)N2C([H])([H])C([H])(C([H])([H])[H])C([H])([H])C([H])(C([H])([H])[H])C2([H])[H])c([H])c1Br,C[C@@H]1C[C@H](C)CN(C(=O)c2cc(Br)ccc2NC(=O)CCC(=O)[O-])C1,CC1CC(C)CN(C(=O)c2cc(Br)ccc2NC(=O)CCC(=O)[O-])C1,047,CHEMBL256528_0,C[C@@H]1C[C@H](C)CN(C(=O)c2cc(Br)ccc2NC(=O)CCC(=O)[O-])C1,199
3dd0_3dd0_conf0,3dd0_3dd0_conf0.mol2,[H]c1c(OC([H])([H])C([H])([H])[H])c([H])c2sc(S(=O)(=O)N([H])[H])nc2c1[H],[H]c1c(OC([H])([H])C([H])([H])[H])c([H])c2sc(S(=O)(=O)N([H])[H])nc2c1[H],CCOc1ccc2nc(S(N)(=O)=O)sc2c1,CCOc1ccc2nc(S(N)(=O)=O)sc2c1,026,CHEMBL18_0,CCOc1ccc2nc(S(N)(=O)=O)sc2c1,51
3e92_3e92_conf0,3e92_3e92_conf0.mol2,[H]c1c([H])c(C([H])([H])[H])c(-c2c([H])c([H])c(-c3nnc(C([H])([H])[H])o3)c([H])c2C([H])([H])[H])c([H])c1C(=O)N([H])C1([H])C([H])([H])C1([H])[H],[H]c1c([H])c(C([H])([H])[H])c(-c2c([H])c([H])c(-c3nnc(C([H])([H])[H])o3)c([H])c2C([H])([H])[H])c([H])c1C(=O)N([H])C1([H])C([H])([H])C1([H])[H],Cc1nnc(-c2ccc(-c3cc(C(=O)NC4CC4)ccc3C)c(C)c2)o1,Cc1nnc(-c2ccc(-c3cc(C(=O)NC4CC4)ccc3C)c(C)c2)o1,047,CHEMBL522579_0,Cc1nnc(-c2ccc(-c3cc(C(=O)NC4CC4)ccc3C)c(C)c2)o1,134
3e93_3e93_conf0,3e93_3e93_conf0.mol2,[H]c1c([H])c(N([H])C(=O)c2c([H])c([H])c(C([H])([H])[H])c(-c3c([H])c([H])c4c(C5([H])C([H])([H])C([H])([H])[N+]([H])([H])C([H])([H])C5([H])[H])noc4c3[H])c2[H])c([H])c(N2C([H])([H])C([H])([H])OC([H])([H])C2([H])[H])c1[H],[H]c1c([H])c(N([H])C(=O)c2c([H])c([H])c(C([H])([H])[H])c(-c3c([H])c([H])c4c(C5([H])C([H])([H])C([H])([H])[N+]([H])([H])C([H])([H])C5([H])[H])noc4c3[H])c2[H])c([H])c(N2C([H])([H])C([H])([H])OC([H])([H])C2([H])[H])c1[H],Cc1ccc(C(=O)Nc2cccc(N3CCOCC3)c2)cc1-c1ccc2c(C3CC[NH2+]CC3)noc2c1,Cc1ccc(C(=O)Nc2cccc(N3CCOCC3)c2)cc1-c1ccc2c(C3CC[NH2+]CC3)noc2c1,070,CHEMBL485285_0,Cc1ccc(C(=O)Nc2cccc(N3CCOCC3)c2)cc1-c1ccc2c(C3CC[NH2+]CC3)noc2c1,200
3ehy_3ehy_conf0,3ehy_3ehy_conf0.mol2,[H]c1c([H])c(S(=O)(=O)N([H])[C@@]([H])(C(=O)[O-])C([H])([H])[H])c([H])c([H])c1OC([H])([H])[H],[H]c1c([H])c(S(=O)(=O)N([H])C([H])(C(=O)[O-])C([H])([H])[H])c([H])c([H])c1OC([H])([H])[H],COc1ccc(S(=O)(=O)N[C@H](C)C(=O)[O-])cc1,COc1ccc(S(=O)(=O)NC(C)C(=O)[O-])cc1,029,CHEMBL1364948_0,COc1ccc(S(=O)(=O)N[C@H](C)C(=O)[O-])cc1,25
3fcq_3fcq_conf0,3fcq_3fcq_conf0.mol2,[H]c1c([H])c(C(=O)[O-])c(OC(=O)C([H])([H])[H])c(C([H])([H])[H])c1[H],[H]c1c([H])c(C(=O)[O-])c(OC(=O)C([H])([H])[H])c(C([H])([H])[H])c1[H],CC(=O)Oc1c(C)cccc1C(=O)[O-],CC(=O)Oc1c(C)cccc1C(=O)[O-],023,CHEMBL1234172_0,CC(=O)Oc1c(C)cccc1C(=O)[O-],2
3fur_3fur_conf0,3fur_3fur_conf0.mol2,[H]c1nc2c([H])c([H])c([H])c([H])c2c([H])c1Oc1c(Cl)c([H])c(N([H])S(=O)(=O)c2c([H])c([H])c(Cl)c([H])c2Cl)c([H])c1Cl,[H]c1nc2c([H])c([H])c([H])c([H])c2c([H])c1Oc1c(Cl)c([H])c(N([H])S(=O)(=O)c2c([H])c([H])c(Cl)c([H])c2Cl)c([H])c1Cl,O=S(=O)(Nc1cc(Cl)c(Oc2cnc3ccccc3c2)c(Cl)c1)c1ccc(Cl)cc1Cl,O=S(=O)(Nc1cc(Cl)c(Oc2cnc3ccccc3c2)c(Cl)c1)c1ccc(Cl)cc1Cl,043,CHEMBL1236924_0,O=S(=O)(Nc1cc(Cl)c(Oc2cnc3ccccc3c2)c(Cl)c1)c1ccc(Cl)cc1Cl,86
3g2z_3g2z_conf0,3g2z_3g2z_conf0.mol2,[H]C1=C(N([H])c2nnnn2[H])C([H])([H])C([H])([H])C([H])([H])C1=O,[H]C1=C(N([H])c2nnnn2[H])C([H])([H])C([H])([H])C([H])([H])C1=O,O=C1C=C(Nc2nnn[nH]2)CCC1,O=C1C=C(Nc2nnn[nH]2)CCC1,022,CHEMBL1213369_1,O=C1C=C(Nc2nnn[nH]2)CCC1,6
3g31_3g31_conf0,3g31_3g31_conf0.mol2,[H]C1([H])C([H])([H])[C@]2([H])C([H])([H])[C@@]1([H])[C@]1([H])C(=O)N([C@@]([H])(C(=O)[O-])C([H])([H])[H])C(=O)[C@]21[H],[H]C([H])([H])C([H])(C(=O)[O-])N1C(=O)C2([H])C([H])(C1=O)C1([H])C([H])([H])C([H])([H])C2([H])C1([H])[H],C[C@H](C(=O)[O-])N1C(=O)[C@@H]2[C@@H]3CC[C@@H](C3)[C@@H]2C1=O,CC(C(=O)[O-])N1C(=O)C2C3CCC(C3)C2C1=O,031,CHEMBL1213404_0,C[C@H](C(=O)[O-])N1C(=O)[C@@H]2[C@@H]3CC[C@@H](C3)[C@@H]2C1=O,8
3gy4_3gy4_conf0,3gy4_3gy4_conf0.mol2,[H]c1c([H])c(N([H])[H])c([H])c([H])c1C(N([H])[H])=[N+]([H])[H],[H]c1c([H])c(N([H])[H])c([H])c([H])c1C(N([H])[H])=[N+]([H])[H],NC(=[NH2+])c1ccc(N)cc1,NC(=[NH2+])c1ccc(N)cc1,020,CHEMBL124632_0,NC(=[NH2+])c1ccc(N)cc1,1
3jvs_3jvs_conf0,3jvs_3jvs_conf0.mol2,[H]c1c([H])c(C(C([H])([H])[H])(C([H])([H])[H])C([H])([H])[H])c([N+](=O)[O-])c([H])c1C(=O)N([H])N([H])C(=O)N([H])c1c([H])c([H])c([H])c2c([H])c([H])c([H])c([H])c12,[H]c1c([H])c(C(C([H])([H])[H])(C([H])([H])[H])C([H])([H])[H])c([N+](=O)[O-])c([H])c1C(=O)N([H])N([H])C(=O)N([H])c1c([H])c([H])c([H])c2c([H])c([H])c([H])c([H])c12,CC(C)(C)c1ccc(C(=O)NNC(=O)Nc2cccc3ccccc23)cc1[N+](=O)[O-],CC(C)(C)c1ccc(C(=O)NNC(=O)Nc2cccc3ccccc23)cc1[N+](=O)[O-],052,CHEMBL1230881_0,CC(C)(C)c1ccc(C(=O)NNC(=O)Nc2cccc3ccccc23)cc1[N+](=O)[O-],40
3k5v_3k5v_conf0,3k5v_3k5v_conf0.mol2,[H]c1nc(-c2c([H])c([H])c([H])c(C(=O)N([H])[H])c2[H])c([H])c(N([H])c2c([H])c([H])c(OC(F)(F)F)c([H])c2[H])n1,[H]c1nc(-c2c([H])c([H])c([H])c(C(=O)N([H])[H])c2[H])c([H])c(N([H])c2c([H])c([H])c(OC(F)(F)F)c([H])c2[H])n1,NC(=O)c1cccc(-c2cc(Nc3ccc(OC(F)(F)F)cc3)ncn2)c1,NC(=O)c1cccc(-c2cc(Nc3ccc(OC(F)(F)F)cc3)ncn2)c1,040,CHEMBL483847_0,NC(=O)c1cccc(-c2cc(Nc3ccc(OC(F)(F)F)cc3)ncn2)c1,200
3kgp_3kgp_conf0,3kgp_3kgp_conf0.mol2,[H]c1c([H])c(C([H])([H])[N+]([H])([H])[H])c([H])c([H])c1C(=O)[O-],[H]c1c([H])c(C([H])([H])[N+]([H])([H])[H])c([H])c([H])c1C(=O)[O-],[NH3+]Cc1ccc(C(=O)[O-])cc1,[NH3+]Cc1ccc(C(=O)[O-])cc1,020,CHEMBL328875_0,[NH3+]Cc1ccc(C(=O)[O-])cc1,1
3lka_3lka_conf0,3lka_3lka_conf0.mol2,[H]c1c([H])c(S(=O)(=O)N([H])[H])c([H])c([H])c1OC([H])([H])[H],[H]c1c([H])c(S(=O)(=O)N([H])[H])c([H])c([H])c1OC([H])([H])[H],COc1ccc(S(N)(=O)=O)cc1,COc1ccc(S(N)(=O)=O)cc1,021,CHEMBL176402_0,COc1ccc(S(N)(=O)=O)cc1,4
3nx7_3nx7_conf0,3nx7_3nx7_conf0.mol2,[H]ON([H])C(=O)C([H])([H])N(C([H])([H])C([H])([H])O[H])S(=O)(=O)c1c([H])c([H])c(OC([H])([H])[H])c([H])c1[H],[H]ON([H])C(=O)C([H])([H])N(C([H])([H])C([H])([H])O[H])S(=O)(=O)c1c([H])c([H])c(OC([H])([H])[H])c([H])c1[H],COc1ccc(S(=O)(=O)N(CCO)CC(=O)NO)cc1,COc1ccc(S(=O)(=O)N(CCO)CC(=O)NO)cc1,036,CHEMBL1234724_0,COc1ccc(S(=O)(=O)N(CCO)CC(=O)NO)cc1,111
3pxf_3pxf_conf0,3pxf_3pxf_conf0.mol2,[H]c1c([H])c([H])c(N([H])c2c([H])c([H])c([H])c3c([H])c([H])c([H])c(S(=O)(=O)[O-])c23)c([H])c1[H],[H]c1c([H])c([H])c(N([H])c2c([H])c([H])c([H])c3c([H])c([H])c([H])c(S(=O)(=O)[O-])c23)c([H])c1[H],O=S(=O)([O-])c1cccc2cccc(Nc3ccccc3)c12,O=S(=O)([O-])c1cccc2cccc(Nc3ccccc3)c12,033,CHEMBL285527_0,O=S(=O)([O-])c1cccc2cccc(Nc3ccccc3)c12,7
3qqs_3qqs_conf0,3qqs_3qqs_conf0.mol2,[H]c1c([H])c([H])c(N([H])c2c([H])c([H])c([H])c([H])c2C(=O)[O-])c(C(=O)[O-])c1[H],[H]c1c([H])c([H])c(N([H])c2c([H])c([H])c([H])c([H])c2C(=O)[O-])c(C(=O)[O-])c1[H],O=C([O-])c1ccccc1Nc1ccccc1C(=O)[O-],O=C([O-])c1ccccc1Nc1ccccc1C(=O)[O-],028,CHEMBL1526652_0,O=C([O-])c1ccccc1Nc1ccccc1C(=O)[O-],7
3rlr_3rlr_conf0,3rlr_3rlr_conf0.mol2,[H]c1c(Cl)c(OC([H])([H])[H])c([H])c(-c2nc(C([H])([H])[H])nc3c2c(C#N)c(C([H])([H])[H])n3[H])c1Cl,[H]c1c(Cl)c(OC([H])([H])[H])c([H])c(-c2nc(C([H])([H])[H])nc3c2c(C#N)c(C([H])([H])[H])n3[H])c1Cl,COc1cc(-c2nc(C)nc3[nH]c(C)c(C#N)c23)c(Cl)cc1Cl,COc1cc(-c2nc(C)nc3[nH]c(C)c(C#N)c23)c(Cl)cc1Cl,035,CHEMBL1738738_0,COc1cc(-c2nc(C)nc3[nH]c(C)c(C#N)c23)c(Cl)cc1Cl,9
3rsx_3rsx_conf0,3rsx_3rsx_conf0.mol2,[H]c1sc([H])c(-c2c([H])c([H])c3nc(N([H])[H])c([H])c([H])c3c2[H])c1[H],[H]c1sc([H])c(-c2c([H])c([H])c3nc(N([H])[H])c([H])c([H])c3c2[H])c1[H],Nc1ccc2cc(-c3ccsc3)ccc2n1,Nc1ccc2cc(-c3ccsc3)ccc2n1,026,CHEMBL1821801_0,Nc1ccc2cc(-c3ccsc3)ccc2n1,4
3ryj_3ryj_conf0,3ryj_3ryj_conf0.mol2,[H]c1c([H])c(S(=O)(=O)N([H])[H])c([H])c([H])c1C(=O)N([H])C([H])([H])C(F)(F)F,[H]c1c([H])c(S(=O)(=O)N([H])[H])c([H])c([H])c1C(=O)N([H])C([H])([H])C(F)(F)F,NS(=O)(=O)c1ccc(C(=O)NCC(F)(F)F)cc1,NS(=O)(=O)c1ccc(C(=O)NCC(F)(F)F)cc1,027,CHEMBL451234_0,NS(=O)(=O)c1ccc(C(=O)NCC(F)(F)F)cc1,81
3syr_3syr_conf0,3syr_3syr_conf0.mol2,[H]OC([H])([H])[C@@]1([H])O[C@@]([H])(n2c([H])c(F)c(=O)n([H])c2=O)[C@]([H])(O[H])[C@@]([H])(O[H])[C@]1([H])O[H],[H]OC([H])([H])C1([H])OC([H])(n2c([H])c(F)c(=O)n([H])c2=O)C([H])(O[H])C([H])(O[H])C1([H])O[H],O=c1[nH]c(=O)n([C@@H]2O[C@H](CO)[C@@H](O)[C@H](O)[C@H]2O)cc1F,O=c1[nH]c(=O)n(C2OC(CO)C(O)C(O)C2O)cc1F,033,CHEMBL1977258_0,O=c1[nH]c(=O)n([C@@H]2O[C@H](CO)[C@@H](O)[C@H](O)[C@H]2O)cc1F,1344
3twp_3twp_conf0,3twp_3twp_conf0.mol2,[H]Oc1c([H])c([H])c([H])c([H])c1C(=O)[O-],[H]Oc1c([H])c([H])c([H])c([H])c1C(=O)[O-],O=C([O-])c1ccccc1O,O=C([O-])c1ccccc1O,015,CHEMBL424_0,O=C([O-])c1ccccc1O,1
3u5j_3u5j_conf0,3u5j_3u5j_conf0.mol2,[H]c1c([H])c([H])c(C2=NC([H])([H])c3nnc(C([H])([H])[H])n3-c3c([H])c([H])c(Cl)c([H])c32)c([H])c1[H],[H]c1c([H])c([H])c(C2=NC([H])([H])c3nnc(C([H])([H])[H])n3-c3c([H])c([H])c(Cl)c([H])c32)c([H])c1[H],Cc1nnc2n1-c1ccc(Cl)cc1C(c1ccccc1)=NC2,Cc1nnc2n1-c1ccc(Cl)cc1C(c1ccccc1)=NC2,035,CHEMBL661_0,Cc1nnc2n1-c1ccc(Cl)cc1C(c1ccccc1)=NC2,2
3u8n_3u8n_conf0,3u8n_3u8n_conf0.mol2,[H]c1nc(Br)c(OC([H])([H])C([H])([H])[H])c([H])c1N1C([H])([H])C([H])([H])C([H])([H])[N+]([H])([H])C([H])([H])C1([H])[H],[H]c1nc(Br)c(OC([H])([H])C([H])([H])[H])c([H])c1N1C([H])([H])C([H])([H])C([H])([H])[N+]([H])([H])C([H])([H])C1([H])[H],CCOc1cc(N2CCC[NH2+]CC2)cnc1Br,CCOc1cc(N2CCC[NH2+]CC2)cnc1Br,036,CHEMBL72433_0,CCOc1cc(N2CCC[NH2+]CC2)cnc1Br,197
3uo4_3uo4_conf0,3uo4_3uo4_conf0.mol2,[H]c1nc(N([H])c2c([H])c([H])c(C(=O)[O-])c([H])c2[H])nc(N([H])c2c([H])c([H])c([H])c([H])c2-c2c([H])c([H])c([H])c([H])c2[H])c1[H],[H]c1nc(N([H])c2c([H])c([H])c(C(=O)[O-])c([H])c2[H])nc(N([H])c2c([H])c([H])c([H])c([H])c2-c2c([H])c([H])c([H])c([H])c2[H])c1[H],O=C([O-])c1ccc(Nc2nccc(Nc3ccccc3-c3ccccc3)n2)cc1,O=C([O-])c1ccc(Nc2nccc(Nc3ccccc3-c3ccccc3)n2)cc1,046,CHEMBL2170586_0,O=C([O-])c1ccc(Nc2nccc(Nc3ccccc3-c3ccccc3)n2)cc1,26
3up2_3up2_conf0,3up2_3up2_conf0.mol2,[H]c1nc(N([H])c2c([H])c([H])c(C(=O)[O-])c([H])c2[H])nc(N([H])c2c([H])c([H])c([H])c([H])c2OC(F)(F)F)c1[H],[H]c1nc(N([H])c2c([H])c([H])c(C(=O)[O-])c([H])c2[H])nc(N([H])c2c([H])c([H])c([H])c([H])c2OC(F)(F)F)c1[H],O=C([O-])c1ccc(Nc2nccc(Nc3ccccc3OC(F)(F)F)n2)cc1,O=C([O-])c1ccc(Nc2nccc(Nc3ccccc3OC(F)(F)F)n2)cc1,040,CHEMBL2170430_0,O=C([O-])c1ccc(Nc2nccc(Nc3ccccc3OC(F)(F)F)n2)cc1,43
3wtj_3wtj_conf0,3wtj_3wtj_conf0.mol2,[H]c1nc(Cl)c([H])c([H])c1C([H])([H])N1/C(=N/C#N)SC([H])([H])C1([H])[H],[H]c1nc(Cl)c([H])c([H])c1C([H])([H])N1C(=NC#N)SC([H])([H])C1([H])[H],N#C/N=C1\SCCN1Cc1ccc(Cl)nc1,N#CN=C1SCCN1Cc1ccc(Cl)nc1,025,CHEMBL451432_0,N#C/N=C1\SCCN1Cc1ccc(Cl)nc1,52
3zdg_3zdg_conf0,3zdg_3zdg_conf0.mol2,[H]C([H])([H])N(C(=O)OC([H])([H])C([H])([H])[C@@]([H])(C([H])([H])[H])[N+]([H])(C([H])([H])[H])C([H])([H])[H])C([H])([H])[H],[H]C([H])([H])N(C(=O)OC([H])([H])C([H])([H])C([H])(C([H])([H])[H])[N+]([H])(C([H])([H])[H])C([H])([H])[H])C([H])([H])[H],C[C@H](CCOC(=O)N(C)C)[NH+](C)C,CC(CCOC(=O)N(C)C)[NH+](C)C,034,CHEMBL486572_0,C[C@H](CCOC(=O)N(C)C)[NH+](C)C,199
4ddh_4ddh_conf0,4ddh_4ddh_conf0.mol2,[H]c1oc2c([H])c(OC([H])([H])[H])c([H])c([H])c2c1C([H])([H])C(=O)[O-],[H]c1oc2c([H])c(OC([H])([H])[H])c([H])c([H])c2c1C([H])([H])C(=O)[O-],COc1ccc2c(CC(=O)[O-])coc2c1,COc1ccc2c(CC(=O)[O-])coc2c1,024,CHEMBL1234470_0,COc1ccc2c(CC(=O)[O-])coc2c1,2
4ddk_4ddk_conf0,4ddk_4ddk_conf0.mol2,[H]c1c([H])c(C(=O)[O-])c([H])c2c1OC([H])([H])O2,[H]c1c([H])c(C(=O)[O-])c([H])c2c1OC([H])([H])O2,O=C([O-])c1ccc2c(c1)OCO2,O=C([O-])c1ccc2c(c1)OCO2,017,CHEMBL573781_0,O=C([O-])c1ccc2c(c1)OCO2,1
4eor_4eor_conf0,4eor_4eor_conf0.mol2,[H]c1c([H])c(S(=O)(=O)N([H])[H])c([H])c([H])c1N([H])c1nc(OC([H])([H])C2([H])C([H])([H])C([H])([H])C([H])([H])C([H])([H])C2([H])[H])c2nc([H])n([H])c2n1,[H]c1c([H])c(S(=O)(=O)N([H])[H])c([H])c([H])c1N([H])c1nc(OC([H])([H])C2([H])C([H])([H])C([H])([H])C([H])([H])C([H])([H])C2([H])[H])c2nc([H])n([H])c2n1,NS(=O)(=O)c1ccc(Nc2nc(OCC3CCCCC3)c3nc[nH]c3n2)cc1,NS(=O)(=O)c1ccc(Nc2nc(OCC3CCCCC3)c3nc[nH]c3n2)cc1,050,CHEMBL319467_0,NS(=O)(=O)c1ccc(Nc2nc(OCC3CCCCC3)c3nc[nH]c3n2)cc1,200
4f09_4f09_conf0,4f09_4f09_conf0.mol2,[H]c1nc2c(c([H])c([H])n2[H])c2c1nc(C([H])([H])[H])n2C1([H])C([H])([H])C([H])([H])[N+]([H])([H])C([H])([H])C1([H])[H],[H]c1nc2c(c([H])c([H])n2[H])c2c1nc(C([H])([H])[H])n2C1([H])C([H])([H])C([H])([H])[N+]([H])([H])C([H])([H])C1([H])[H],Cc1nc2cnc3[nH]ccc3c2n1C1CC[NH2+]CC1,Cc1nc2cnc3[nH]ccc3c2n1C1CC[NH2+]CC1,037,CHEMBL2159141_0,Cc1nc2cnc3[nH]ccc3c2n1C1CC[NH2+]CC1,2
4f2w_4f2w_conf0,4f2w_4f2w_conf0.mol2,[H]O[C@@]1([H])C([H])([H])[N@+]([H])(C([H])([H])c2c([H])n([H])c3c(N([H])[H])nc([H])nc23)C([H])([H])[C@]1([H])C([H])([H])SC([H])([H])[H],[H]OC1([H])C([H])(C([H])([H])SC([H])([H])[H])C([H])([H])[N+]([H])(C([H])([H])c2c([H])n([H])c3c(N([H])[H])nc([H])nc23)C1([H])[H],CSC[C@H]1C[N@@H+](Cc2c[nH]c3c(N)ncnc23)C[C@@H]1O,CSCC1C[NH+](Cc2c[nH]c3c(N)ncnc23)CC1O,040,CHEMBL188375_0,CSC[C@H]1C[N@@H+](Cc2c[nH]c3c(N)ncnc23)C[C@@H]1O,800
4f9w_4f9w_conf0,4f9w_4f9w_conf0.mol2,[H]c1nc([H])c([H])c(-c2c(-c3c([H])c([H])c4c([H])c([H])c([H])c([H])c4c3[H])nnc(N(C([H])([H])[H])C([H])([H])[H])c2[H])c1[H],[H]c1nc([H])c([H])c(-c2c(-c3c([H])c([H])c4c([H])c([H])c([H])c([H])c4c3[H])nnc(N(C([H])([H])[H])C([H])([H])[H])c2[H])c1[H],CN(C)c1cc(-c2ccncc2)c(-c2ccc3ccccc3c2)nn1,CN(C)c1cc(-c2ccncc2)c(-c2ccc3ccccc3c2)nn1,043,CHEMBL4648060_0,CN(C)c1cc(-c2ccncc2)c(-c2ccc3ccccc3c2)nn1,4
4hge_4hge_conf0,4hge_4hge_conf0.mol2,[H]c1nc2c(C(=O)N([H])c3c([H])c(C([H])([H])[H])nn3-c3c([H])c([H])c([H])c(Cl)c3[H])c([H])nn2c([H])c1[H],[H]c1nc2c(C(=O)N([H])c3c([H])c(C([H])([H])[H])nn3-c3c([H])c([H])c([H])c(Cl)c3[H])c([H])nn2c([H])c1[H],Cc1cc(NC(=O)c2cnn3cccnc23)n(-c2cccc(Cl)c2)n1,Cc1cc(NC(=O)c2cnn3cccnc23)n(-c2cccc(Cl)c2)n1,038,CHEMBL2178806_0,Cc1cc(NC(=O)c2cnn3cccnc23)n(-c2cccc(Cl)c2)n1,36
4j21_4j21_conf0,4j21_4j21_conf0.mol2,[H]c1c([H])c(N([H])[H])c([H])c(Cl)c1-c1c([H])c([H])c2c(C([H])([H])[H])c([H])c(=O)n([H])c2c1[H],[H]c1c([H])c(N([H])[H])c([H])c(Cl)c1-c1c([H])c([H])c2c(C([H])([H])[H])c([H])c(=O)n([H])c2c1[H],Cc1cc(=O)[nH]c2cc(-c3ccc(N)cc3Cl)ccc12,Cc1cc(=O)[nH]c2cc(-c3ccc(N)cc3Cl)ccc12,033,CHEMBL2381636_0,Cc1cc(=O)[nH]c2cc(-c3ccc(N)cc3Cl)ccc12,3
4j3l_4j3l_conf0,4j3l_4j3l_conf0.mol2,[H]c1c([H])c(-c2c([H])c([H])c3c(C([H])([H])[H])c([H])c(=O)n([H])c3c2[H])c(Cl)c([H])c1C(=O)N([H])C([H])([H])C([H])([H])OC([H])([H])[H],[H]c1c([H])c(-c2c([H])c([H])c3c(C([H])([H])[H])c([H])c(=O)n([H])c3c2[H])c(Cl)c([H])c1C(=O)N([H])C([H])([H])C([H])([H])OC([H])([H])[H],COCCNC(=O)c1ccc(-c2ccc3c(C)cc(=O)[nH]c3c2)c(Cl)c1,COCCNC(=O)c1ccc(-c2ccc3c(C)cc(=O)[nH]c3c2)c(Cl)c1,045,CHEMBL2381639_0,COCCNC(=O)c1ccc(-c2ccc3c(C)cc(=O)[nH]c3c2)c(Cl)c1,114
4jsz_4jsz_conf0,4jsz_4jsz_conf0.mol2,[H]c1c([H])c([H])c(S(=O)(=O)N([H])[H])c([H])c1[H],[H]c1c([H])c([H])c(S(=O)(=O)N([H])[H])c([H])c1[H],NS(=O)(=O)c1ccccc1,NS(=O)(=O)c1ccccc1,017,CHEMBL27601_0,NS(=O)(=O)c1ccccc1,2
4jxs_4jxs_conf0,4jxs_4jxs_conf0.mol2,[H]c1sc(C(=O)[O-])c(S(=O)(=O)N([H])C([H])([H])c2c([H])c([H])c(C(=O)[O-])c([H])c2[H])c1[H],[H]c1sc(C(=O)[O-])c(S(=O)(=O)N([H])C([H])([H])c2c([H])c([H])c(C(=O)[O-])c([H])c2[H])c1[H],O=C([O-])c1ccc(CNS(=O)(=O)c2ccsc2C(=O)[O-])cc1,O=C([O-])c1ccc(CNS(=O)(=O)c2ccsc2C(=O)[O-])cc1,031,CHEMBL3287788_0,O=C([O-])c1ccc(CNS(=O)(=O)c2ccsc2C(=O)[O-])cc1,32
4k18_4k18_conf0,4k18_4k18_conf0.mol2,[H]Oc1c([H])c(C([H])([H])c2c([H])c([H])c(C#N)c([H])c2[H])nc2c(C(=O)N([H])c3c([H])c([H])c(F)c([H])c3[H])c([H])nn12,[H]Oc1c([H])c(C([H])([H])c2c([H])c([H])c(C#N)c([H])c2[H])nc2c(C(=O)N([H])c3c([H])c([H])c(F)c([H])c3[H])c([H])nn12,N#Cc1ccc(Cc2cc(O)n3ncc(C(=O)Nc4ccc(F)cc4)c3n2)cc1,N#Cc1ccc(Cc2cc(O)n3ncc(C(=O)Nc4ccc(F)cc4)c3n2)cc1,043,CHEMBL2387467_0,N#Cc1ccc(Cc2cc(O)n3ncc(C(=O)Nc4ccc(F)cc4)c3n2)cc1,109
4k77_4k77_conf0,4k77_4k77_conf0.mol2,[H]c1nc(N([H])C2([H])C([H])([H])C([H])([H])C([H])([H])C([H])([H])C2([H])[H])c2c([H])c([H])n([H])c(=O)c2n1,[H]c1nc(N([H])C2([H])C([H])([H])C([H])([H])C([H])([H])C([H])([H])C2([H])[H])c2c([H])c([H])n([H])c(=O)c2n1,O=c1[nH]ccc2c(NC3CCCCC3)ncnc12,O=c1[nH]ccc2c(NC3CCCCC3)ncnc12,034,CHEMBL2434989_0,O=c1[nH]ccc2c(NC3CCCCC3)ncnc12,5
4kzq_4kzq_conf0,4kzq_4kzq_conf0.mol2,[H]Oc1c([H])c([H])c(-c2oc3c([H])c([H])c([H])c([H])c3c(=O)c2[H])c([H])c1[H],[H]Oc1c([H])c([H])c(-c2oc3c([H])c([H])c([H])c([H])c3c(=O)c2[H])c([H])c1[H],O=c1cc(-c2ccc(O)cc2)oc2ccccc12,O=c1cc(-c2ccc(O)cc2)oc2ccccc12,028,CHEMBL327209_0,O=c1cc(-c2ccc(O)cc2)oc2ccccc12,6
4kzu_4kzu_conf0,4kzu_4kzu_conf0.mol2,[H]c1c([H])c(-c2oc3c([H])c([H])c([H])c([H])c3c(=O)c2[H])c([H])c([H])c1Br,[H]c1c([H])c(-c2oc3c([H])c([H])c([H])c([H])c3c(=O)c2[H])c([H])c([H])c1Br,O=c1cc(-c2ccc(Br)cc2)oc2ccccc12,O=c1cc(-c2ccc(Br)cc2)oc2ccccc12,027,CHEMBL294099_0,O=c1cc(-c2ccc(Br)cc2)oc2ccccc12,3
4llx_4llx_conf0,4llx_4llx_conf0.mol2,[H]c1c(C([H])([H])[H])nc(N([H])[H])nc1C([H])([H])[H],[H]c1c(C([H])([H])[H])nc(N([H])[H])nc1C([H])([H])[H],Cc1cc(C)nc(N)n1,Cc1cc(C)nc(N)n1,018,CHEMBL4546836_0,Cc1cc(C)nc(N)n1,1
4lzs_4lzs_conf0,4lzs_4lzs_conf0.mol2,[H]N(C(=O)c1c(C([H])([H])C([H])([H])[H])c(C(=O)C([H])([H])[H])c(C([H])([H])[H])n1[H])C([H])([H])[H],[H]N(C(=O)c1c(C([H])([H])C([H])([H])[H])c(C(=O)C([H])([H])[H])c(C([H])([H])[H])n1[H])C([H])([H])[H],CCc1c(C(=O)NC)[nH]c(C)c1C(C)=O,CCc1c(C(=O)NC)[nH]c(C)c1C(C)=O,031,CHEMBL3785648_0,CCc1c(C(=O)NC)[nH]c(C)c1C(C)=O,12
4mgd_4mgd_conf0,4mgd_4mgd_conf0.mol2,[H]Oc1c([H])c([H])c(C([H])(c2c([H])c([H])c(O[H])c([H])c2[H])C(Cl)(Cl)Cl)c([H])c1[H],[H]Oc1c([H])c([H])c(C([H])(c2c([H])c([H])c(O[H])c([H])c2[H])C(Cl)(Cl)Cl)c([H])c1[H],Oc1ccc(C(c2ccc(O)cc2)C(Cl)(Cl)Cl)cc1,Oc1ccc(C(c2ccc(O)cc2)C(Cl)(Cl)Cl)cc1,030,CHEMBL196585_0,Oc1ccc(C(c2ccc(O)cc2)C(Cl)(Cl)Cl)cc1,24
4ogj_4ogj_conf0,4ogj_4ogj_conf0.mol2,[H]c1nc(N([H])c2c([H])c([H])c(OC([H])([H])C([H])([H])[N+]3([H])C([H])([H])C([H])([H])C([H])([H])C3([H])[H])c([H])c2[H])nc(N([H])c2c([H])c([H])c([H])c(S(=O)(=O)N([H])C(C([H])([H])[H])(C([H])([H])[H])C([H])([H])[H])c2[H])c1C([H])([H])[H],[H]c1nc(N([H])c2c([H])c([H])c(OC([H])([H])C([H])([H])[N+]3([H])C([H])([H])C([H])([H])C([H])([H])C3([H])[H])c([H])c2[H])nc(N([H])c2c([H])c([H])c([H])c(S(=O)(=O)N([H])C(C([H])([H])[H])(C([H])([H])[H])C([H])([H])[H])c2[H])c1C([H])([H])[H],Cc1cnc(Nc2ccc(OCC[NH+]3CCCC3)cc2)nc1Nc1cccc(S(=O)(=O)NC(C)(C)C)c1,Cc1cnc(Nc2ccc(OCC[NH+]3CCCC3)cc2)nc1Nc1cccc(S(=O)(=O)NC(C)(C)C)c1,074,CHEMBL1287853_0,Cc1cnc(Nc2ccc(OCC[NH+]3CCCC3)cc2)nc1Nc1cccc(S(=O)(=O)NC(C)(C)C)c1,54
5c28_5c28_conf0,5c28_5c28_conf0.mol2,[H]N([H])c1nc(C2([H])C([H])([H])C2([H])[H])nc(Cl)c1C([H])([H])[H],[H]N([H])c1nc(C2([H])C([H])([H])C2([H])[H])nc(Cl)c1C([H])([H])[H],Cc1c(N)nc(C2CC2)nc1Cl,Cc1c(N)nc(C2CC2)nc1Cl,022,CHEMBL3622906_0,Cc1c(N)nc(C2CC2)nc1Cl,2
5c2h_5c2h_conf0,5c2h_5c2h_conf0.mol2,[H]c1c([H])c([H])c2c([H])c([H])c(C([H])([H])C([H])([H])C([H])([H])Oc3nc(Cl)c(C([H])([H])[H])c(N([H])C([H])([H])c4sc(C([H])([H])[H])nc4C([H])([H])[H])n3)nc2c1[H],[H]c1c([H])c([H])c2c([H])c([H])c(C([H])([H])C([H])([H])C([H])([H])Oc3nc(Cl)c(C([H])([H])[H])c(N([H])C([H])([H])c4sc(C([H])([H])[H])nc4C([H])([H])[H])n3)nc2c1[H],Cc1nc(C)c(CNc2nc(OCCCc3ccc4ccccc4n3)nc(Cl)c2C)s1,Cc1nc(C)c(CNc2nc(OCCCc3ccc4ccccc4n3)nc(Cl)c2C)s1,055,CHEMBL3622898_0,Cc1nc(C)c(CNc2nc(OCCCc3ccc4ccccc4n3)nc(Cl)c2C)s1,85
